389;397751;68.964;8639;08.maj;4360000;97;20920;en;Drama;United Artists#Orion-Nova Productions;US;English
62;12000000;53.266;11481;08.sty;71923560;149;24930;en;Science Fiction#Mystery#Adventure;Kubrick Productions#Metro-Goldwyn-Mayer;GB#US;English#Russian
20453;9000000;41.985;2368;8;70000000;171;40170;hi;Drama#Comedy;Vidhu Vinod Chopra Productions#Vinod Chopra Films;IN;English#Thai
453;58000000;38.403;10139;07.wrz;316800000;135;37239;en;Drama#Romance;Universal Pictures#DreamWorks Pictures#Imagine Entertainment;US;English
185;2200000;83.878;12808;08.lut;27033812;137;26286;en;Science Fiction#Crime;Warner Bros. Pictures#Hawk Films#Kubrick Productions#Polaris Productions Limited;GB;English
702;1800000;24.528;1342;07.cze;8000000;125;18890;en;Drama#Thriller;Charles K. Feldman Group#Warner Bros. Pictures;US;English
348;11000000;152.212;14731;8.158;104931801;117;29000;en;Horror#Science Fiction;20th Century Fox#Brandywine Productions;US;English#Espaniol
705;1400000;15.332;1517;08.sty;8400000;139;18576;en;Drama;20th Century Fox;US;English#French
143;1448864;26.375;790;lip.76;3270000;133;11077;en;Drama#War;Universal Pictures;US;French#Deutsch#Latin#English
279;18000000;42.024;4220;8;90000000;180;30944;en;History#Music#Drama;The Saul Zaentz Company;US;English#Deutsch#Italiano#Latin
14;15000000;30.072;11995;8;356296601;122;36418;en;Drama;DreamWorks Pictures#Jinks/Cohen Company;US;English
73;20000000;42.587;11515;8.344;23900000;119;35977;en;Drama;New Line Cinema#Savoy Pictures#The Turman-Morrissey Company;US;English
55;2000000;25.722;2584;07.cze;20908467;154;36693;es;Drama#Thriller;Altavista Films#Zeta Film;MX;Espaniol
93;2000000;14.131;954;07.sie;8000000;161;21732;en;Crime#Drama#Mystery;Columbia Pictures#Otto Preminger Films;US;English
703;4000000;17.553;3862;07.lip;38288028;93;28234;en;Comedy#Drama#Romance;United Artists#Rollins-Joffe Productions;US;English#Deutsch
28;31500000;67.699;8198;8.277;150000000;147;29082;en;Drama#War;United Artists#American Zoetrope;US;#English#French#Vietnameese
212;1120175;11.319;926;7.635;0;118;16316;en;Comedy#Crime;Warner Bros. Pictures;US;English
105;19000000;90.538;19877;08.mar;381109762;116;31231;en;Adventure#Comedy#Science Fiction;Universal Pictures#Amblin Entertainment;US;English
3175;11000000;29.992;2803;8.003;260131;185;27746;en;Drama#Romance#War#History;Warner Bros. Pictures#Hawk Films#Peregrine;GB#US;Deutsch#French#English
272;150000000;123.809;20905;7.709;374218673;140;38513;en;Action#Crime#Drama;Warner Bros. Pictures#DC#Syncopy#Legendary Pictures#Patalex III Productions Limited;GB#US;English#LEEG#Chinese
10020;25000000;90.838;9890;07.lip;424967620;84;33533;en;Romance#Family#Animation#Fantasy;Walt Disney Pictures#Silver Screen Partners IV#Walt Disney Feature Animation;US;French#English
76;2500000;29.469;4109;8;5987386;101;34726;en;Drama#Romance;Castle Rock Entertainment#Detour Filmproduction#Filmhaus Films;AT#US;English#Deutsch#French
665;15000000;55.701;2745;07.wrz;164000000;222;21872;en;History#Drama#Adventure#Action;Metro-Goldwyn-Mayer;US;English
44214;13000000;54.481;14403;7.687;329398046;109;40515;en;Drama#Thriller#Horror;Fox Searchlight Pictures#Cross Creek Pictures#Protozoa Pictures#Phoenix Pictures#Dune Entertainment;US;English#French#Italiano
78;28000000;66.236;13722;07.wrz;41722424;118;30127;en;Science Fiction#Drama#Thriller;Shaw Brothers#The Ladd Company#Warner Bros. Pictures;US#HK#GB;English#Deutsch#Chinese3#Chinese2#Magyar
197;72000000;77.438;10079;7.941;213200000;177;34843;en;Action#Drama#History#War;Icon Entertainment International#The Ladd Company#B.H. Finance C.V.;US;English#French#Latin
642;6000000;23.026;2171;07.cze;102308889;111;25469;en;Western#Adventure;Campanile Productions#20th Century Fox#George Roy Hill-Paul Monash Production#Newman-Foreman Company;US;English#Espaniol
289;878000;40.587;5427;sie.16;10462500;102;15721;en;Drama#Romance;Warner Bros. Pictures;US;Deutsch#French#Italiano#English
524;50000000;63.126;5787;8;116112375;179;35025;en;Crime#Drama;Universal Pictures#Syalis DA#Légende Films#Cappa/De Fina Productions;FR#US;English
829;6000000;38.633;3798;7.913;30000000;130;27200;en;Crime#Drama#Mystery#Thriller;Paramount Pictures#Long Road Productions#Robert Evans Company;US;Espaniol#Chinese3#English
598;3300000;86.415;7369;8.425;30641770;129;37498;pt;Drama#Crime;O2 Filmes#VideoFilmes#Wild Bunch#Hank Levine Film & Music#Globo Filmes#Lumière;BR#FR#DE;Portugeese
15;839727;31.37;5493;8.008;23218000;119;15083;en;Mystery#Drama;Mercury Productions#RKO Radio Pictures;US;English
901;1500000;15.134;2160;8.279;4250000;87;11360;en;Comedy#Drama#Romance;Charles Chaplin Productions;US;No Language
903;3200000;22.432;1407;07.lip;16217773;127;24777;en;Action#Drama#Crime;Warner Bros.-Seven Arts#Jalem Productions;US;English
562;28000000;56.794;11071;07.sie;140767956;132;32339;en;Action#Thriller;Gordon Company#Silver Pictures#20th Century Fox;US;English#Deutsch#Italiano
17654;30000000;60.379;9417;07.kwi;210888950;112;40030;en;Science Fiction;TriStar Pictures#Block / Hanson#WingNut Films#District 9;NZ#ZA#US;Afrikaans#isiZulu#English
68718;100000000;66.973;26172;08.lut;425368238;165;41268;en;Drama#Western;The Weinstein Company#Columbia Pictures;US;English#French#Deutsch
968;1800000;24.27;2944;lip.84;46665856;125;27658;en;Crime#Drama#Thriller;Artists Entertainment Complex#Warner Bros. Pictures;US;English
141;4500000;52.578;12380;07.sie;7500000;114;36910;en;Fantasy#Drama#Mystery;Flower Films#Gaylord Films#Adam Fields Productions#Pandora Cinema;US;English
996;927262;16.393;1784;08.sty;2500000;107;16259;en;Crime#Thriller;Paramount Pictures;US;English
935;1800000;44.333;5596;8.118;9500000;95;23405;en;Comedy#War;Hawk Films;GB;English
1417;19000000;51.238;10492;07.sie;83258226;118;39000;es;Fantasy#Drama#War;Estudios Picasso#Esperanto Filmoj#Tequila Gang#Telecinco Cinema;MX#ES#US;Espaniol
38;20000000;83.948;14903;08.sty;72258126;108;38065;en;Science Fiction#Drama#Romance;Focus Features#Anonymous Content#This is that;US;English
5961;6000000;22.676;762;07.sie;6800000;188;30302;sv;Fantasy#Drama#Mystery;Cinematograph AB#Svenska Filminstitutet#SVT#Gaumont#Personafilm#Tobis;SE#DE#FR;English#Deutsch#svenska
275;7000000;32.134;8020;07.wrz;60611975;98;35132;en;Crime#Drama#Thriller;PolyGram Filmed Entertainment#Working Title Films;GB#US;English
309;1300000;15.338;1065;lip.74;0;105;35965;da;Drama;DR#SVT#Nimbus Film;DK#SE;Dansk#Deutsch#English
550;63000000;108.158;29369;8.438;100853753;139;36448;en;Drama;Fox 2000 Pictures#Regency Enterprises#The Linson Company#20th Century Fox#Taurus Film;DE#US;English
12;94000000;99.87;19196;7.819;940335536;100;37771;en;Animation#Family;Pixar;US;English
13;55000000;104.326;27419;08.maj;677387716;142;34508;en;Comedy#Drama#Romance;Paramount Pictures#The Steve Tisch Company#Wendy Finerman Productions;US;English
600;30000000;126.928;10432;08.sty;46357676;117;31954;en;Drama#War;Natant#Kubrick Productions#Warner Bros. Pictures;GB#US;English#Vietnameese
783;22000000;22.625;2270;07.cze;77737889;191;30286;en;Drama#History;Goldcrest#Indo-British#International Film Investors#National Film Development Corporation of India#Columbia Pictures;IN#GB#US;English#Thai
98;103000000;552.149;18618;8.216;465361176;155;36650;en;Action#Drama#Adventure;Universal Pictures#Scott Free Productions#Red Wagon Entertainment#Mill Film#DreamWorks Pictures;GB#US;English
770;4000000;40.669;3999;07.wrz;402352579;233;14316;en;Drama#War#Romance;Selznick International Pictures#Metro-Goldwyn-Mayer;US;English
489;10000000;66.25;12321;08.lut;225900000;127;35769;en;Drama;Miramax#Lawrence Bender Productions#Be Gentlemen Limited Partnership;US;English
769;25000000;76.846;12847;08.maj;46800000;145;33128;en;Drama#Crime;Winkler Films;US;Italiano#English
13223;33000000;26.913;10646;8;270000000;116;39794;en;Drama;Matten Productions#Double Nickel Entertainment#Gerber Pictures#Malpaso Productions#Village Roadshow Pictures#WV Films IV#Warner Bros. Pictures;US#DE;English
137;14600000;39.209;7949;07.cze;71100000;101;34011;en;Romance#Fantasy#Drama#Comedy;Columbia Pictures;US;English#French#Italiano
12445;125000000;134.04;20487;8.094;1341511219;130;40736;en;Fantasy#Adventure;Warner Bros. Pictures#Heyday Films;GB#US;English
11787;0;20.369;605;07.lip;0;104;18601;en;Comedy#Fantasy;Universal International Pictures;US;English
949;60000000;58.111;7265;7.917;187400000;170;35048;en;Crime#Drama#Action;Warner Bros. Pictures#Regency Enterprises#Forward Pass;US;English#Espaniol
288;730000;24.703;1412;7.672;8000000;85;19154;en;Western#Thriller;Stanley Kramer Productions#United Artists;US;English#French#Italiano
205;17500000;33.299;2828;07.lip;38000000;121;38343;en;Drama#History#War;Lionsgate#United Artists#The Department of Trade. Industry and Competition of South Africa#Miracle Pictures#Seamus#Inside Track#Kiagli Releasing#Mikado Film#Metro-Goldwyn-Mayer;IT#ZA#GB#US;English#French
10191;165000000;199.107;12953;lip.83;494879471;98;40255;en;Fantasy#Adventure#Animation#Family;DreamWorks Animation;US;English
429;1200000;96.239;8601;08.maj;38900000;161;24463;it;Western;United Artists#PEA#Arturo González PC#Constantin Film;US#IT#ES#DE;Italiano
7984;13000000;19.611;1735;7.898;65796862;133;34315;en;Drama;Hell's Kitchen#Universal Pictures;GB#IE#US;English
46738;6800000;25.519;2723;08.sty;6788659;131;40438;fr;Drama#War#Mystery;TS Productions#Phi Group#micro_scope;CA#FR;French#Arabic#English
27205;160000000;192.511;36545;8.369;825532764;148;40374;en;Action#Science Fiction#Adventure;Legendary Pictures#Syncopy#Warner Bros. Pictures;GB#US;English#French#Chinese2#Kiswahili
89;48000000;50.35;10063;07.wrz;474171806;127;32652;en;Adventure#Action;Paramount Pictures#Lucasfilm Ltd.;US;Arabic#English#Deutsch#Russian2
10775;125000;22.603;1619;7.819;8708932;100;37602;cn;Drama#Action#Thriller#Crime#Mystery;Media Asia Films#Basic Pictures;HK;Chinese3#Chinese#Innuit
16869;70000000;102.965;22188;08.lut;321457747;153;40027;en;Drama#Thriller#War;The Weinstein Company#A Band Apart#Zehnte Babelsberg Film;DE#US;Deutsch#English#French#Italiano
5915;15000000;65.806;9476;7.802;56255142;148;39346;en;Adventure#Drama;River Road Entertainment#Paramount Vantage#The Linson Company#Square One C.I.H.;US;Dansk#English
77338;13000000;66.836;17179;08.mar;426590315;113;40849;fr;Drama#Comedy;Gaumont#Quad Productions#Chaocorp#Ten Films#TF1 Films Production;FR;English#French
3078;325000;21.699;1237;07.sie;4500000;105;12472;en;Comedy#Romance;Columbia Pictures;US;English
1585;3180000;79.213;4271;8.275;9644124;130;17156;en;Drama#Family#Fantasy;Liberty Films;US;English
103663;3800000;25.644;4160;08.sty;18300000;116;41073;da;Drama;Zentropa International Sweden#Zentropa Entertainments#Film i Väst;DK#SE;Dansk#Polski#English
578;7000000;66.195;10415;7.664;470653000;124;27565;en;Horror#Thriller#Adventure;Zanuck/Brown Productions#Universal Pictures;US;English
329;63000000;67.119;16241;7.952;920100000;127;34131;en;Adventure#Science Fiction;Universal Pictures#Amblin Entertainment;US;English#Espaniol
81;1000000;36.016;3555;07.wrz;9016411;117;30752;ja;Adventure#Animation#Fantasy;Topcraft;JP;Chinese2
24;30000000;50.542;17343;8;180906076;111;37904;en;Action#Crime;Miramax#A Band Apart#Super Cool ManChu;US;English#Chinese2#French
2118;35000000;37.921;4900;07.sie;126216940;138;35692;en;Crime#Mystery#Thriller;Regency Enterprises#Warner Bros. Pictures#Wolper Organization;US;English
947;15000000;33.238;2992;8;69995385;228;22991;en;Adventure#History#War;Horizon Pictures;GB;Arabic#English#Portugeese#Turkisch
87827;120000000;37.848;13003;07.kwi;609016565;127;41233;en;Adventure#Drama;Fox 2000 Pictures#Dune Entertainment#Ingenious Media#Haishang Films#Netter Productions#India Take One#Big Screen Productions;IN#TW#GB#US;English#French#Thai#Chinese2#Squiggly
100;1350000;16.791;6548;08.sty;28356188;105;36035;en;Comedy#Crime;Summit Entertainment#The Steve Tisch Company#SKA Films#PolyGram Filmed Entertainment#Handmade Films;GB#US;English
832;0;16.424;2169;8.084;35274;111;11454;de;Drama#Thriller#Crime;Nero-Film AG;DE;Deutsch
24238;8240000;50.338;1960;07.wrz;1740429;92;39912;en;Animation#Comedy#Drama;Melodrama Pictures;AU;English
77;9000000;48.66;14812;sie.18;40047236;113;36810;en;Mystery#Thriller;Newmarket Films#Summit Entertainment#Team Todd#I Remember Productions;US;English
19;5300000;34.833;2745;08.sty;1350322;148;9899;de;Drama#Science Fiction;UFA;DE;No Language
70;30000000;36.626;9496;8;216763646;132;38336;en;Drama;Lakeshore Entertainment#Malpaso Productions#Epsilon Motion Pictures#ASR Productions#Warner Bros. Pictures;CH#US;English#Gaeilge
3082;1500000;19.276;3683;8.292;1800000;87;13185;en;Comedy#Drama#Romance;Charles Chaplin Productions;US;English
128;23500000;54.977;7988;8.336;169000000;134;35623;ja;Adventure#Fantasy#Animation;Studio Ghibli#Nibariki#dentsu Music And Entertainment#TNDG#Tokuma Shoten#Nippon Television Network Corporation#dentsu;JP;Chinese2
585;115000000;122.532;18388;7.845;579700000;92;37196;en;Animation#Comedy#Family;Pixar;US;English
762;400000;38.272;5767;7.802;5028948;91;27467;en;Adventure#Comedy#Fantasy;Python (Monty) Pictures Limited#Michael White Productions#National Film Trustee Company;GB;French#Latin#English
583;4000000;27.559;4370;7.762;20700000;94;29084;en;Comedy;Handmade Films#Python (Monty) Pictures Limited;GB;English#Latin
3083;1500000;13.363;1037;07.wrz;9600000;129;14537;en;Comedy#Drama;Columbia Pictures;US;English
322;25000000;26.992;6612;7.741;156800000;138;37901;en;Thriller#Crime#Drama#Mystery;Warner Bros. Pictures#Village Roadshow Pictures#NPV Entertainment#Malpaso Productions;US;English
10774;3800000;17.372;1711;lip.81;23700000;122;28078;en;Drama;Metro-Goldwyn-Mayer;US;English
6977;25000000;51.898;11943;7.942;171627166;122;39246;en;Crime#Drama#Thriller;Miramax#Paramount Vantage#Scott Rudin Productions#Mike Zoss Productions;US;English#Espaniol
213;4000000;33.681;4075;8;13275000;136;21739;en;Thriller#Adventure;Metro-Goldwyn-Mayer;US;English
303;2000000;27.836;1587;07.lip;24500000;103;17035;en;Thriller#Romance#Mystery;RKO Radio Pictures#Vanguard Films;US;English
11216;5000000;34.535;4364;08.kwi;11990401;124;32464;it;Drama#Romance;RAI#Tre Forum#Les Films Ariane#TF1 Films Production;FR#IT;Italiano
654;910000;17.306;1558;07.wrz;960000;108;19897;en;Crime#Drama#Romance;Columbia Pictures#Horizon Pictures;US;English
311;30000000;50.889;5382;08.kwi;5500000;229;30825;en;Drama#Crime;The Ladd Company#Embassy International Pictures#Rafran Cinematografica#PSO#Warner Bros. Pictures;US#IT;French#Squiggles2##Italiano#English
510;3000000;77.746;10422;08.kwi;108981275;133;27717;en;Drama;Fantasy Films#United Artists;US;English
5924;12000000;42.795;1890;lip.84;53267000;151;27014;en;Crime#Drama;Allied Artists Pictures#Solar Productions#Corona-General;US;English#Espaniol
975;935000;25.039;2899;08.mar;1200000;88;21118;en;War#Drama#History;Bryna Productions#United Artists#Harris-Kubrick Productions;US;Deutsch#English#Latin
391;200000;28.781;4198;07.sie;14500000;99;23632;it;Western;Jolly Film#Ocean Films#Constantin Film;DE#IT#ES;Italiano#Espaniol
797;0;16.kwi;2133;sie.18;0;83;24398;sv;Drama;SF Studios;SE;svenska
22;140000000;132.307;20573;07.sie;655011224;143;37811;en;Adventure#Fantasy#Action;Walt Disney Pictures#Jerry Bruckheimer Films;US;English
792;6000000;36.451;4506;07.lip;138530565;120;31765;en;Drama#War#Action;Hemdale Film Corporation#Cinema 86#Cinema 84#Orion Pictures#Orion;GB#US;English#Vietnameese
539;806947;51.975;10048;08.kwi;32000000;109;22089;en;Horror#Thriller#Mystery;Shamley Productions;US;English
680;8500000;91.849;27888;8.488;213928762;154;34587;en;Thriller#Crime;Miramax#A Band Apart#Jersey Films;US;English#Espaniol#French
1578;18000000;30.064;4291;07.wrz;23380203;129;29539;en;Drama;United Artists#Chartoff-Winkler Productions;US;English
85;18000000;79.987;12368;07.wrz;389925971;115;29749;en;Adventure#Action;Paramount Pictures#Lucasfilm Ltd.;US;English#Espaniol#Deutsch#Squiggles2#Arabic
380;25000000;41.286;6311;7.762;354825435;134;32489;en;Drama;United Artists#Star Partners II Ltd.#Guber/Peters Company#Metro-Goldwyn-Mayer;US;Italiano#English
11645;11500005;26.418;1532;08.sty;11859533;160;31199;ja;Action#Drama#History;Nippon Herald Films#Greenwich Film Production#Herald Ace#TOHO;JP#FR;Chinese2
2062;150000000;122.789;16998;7.825;623726000;111;39254;en;Animation#Comedy#Family#Fantasy;Pixar#Walt Disney Pictures;US;English#French
567;1000000;30.403;6464;08.kwi;37042336;112;19937;en;Thriller#Mystery;Paramount Pictures#Patron Inc.;US;English
223;1288000;25.621;1744;07.wrz;7592465;130;14693;en;Mystery#Romance#Thriller#Drama;Selznick International Pictures;US;English#French
641;4500000;21.099;9917;8.019;7390108;102;36805;en;Crime#Drama;Artisan Entertainment#Thousand Words#Protozoa Pictures;US;English
500;1200000;42.496;14240;08.sty;2859750;99;33849;en;Crime#Thriller;Live Entertainment#Dog Eat Dog Productions;US;English
1366;1000000;45.641;7818;07.sie;225300000;120;28084;en;Drama;Winkler Films;US;English
804;1500000;21.799;2024;7.878;12000000;119;19597;en;Romance#Comedy#Drama;Paramount Pictures;US;English#Italiano
1580;1500000;23.623;2681;7.946;2200000;81;17603;en;Thriller#Crime#Drama;Transatlantic Pictures;US;English
805;3200000;30.582;3891;7.829;33395426;138;25001;en;Drama#Horror#Thriller;William Castle Productions;US;English
857;70000000;79.131;15786;8.216;481840909;169;36000;en;Drama#History#War;DreamWorks Pictures#Paramount Pictures#Amblin Entertainment#Mutual Film Company;US;Check#Deutsch#English#French
111;25000000;77.119;11781;08.lut;66023329;169;30659;en;Action#Crime#Drama;Universal Pictures#Martin Bregman Productions;US;English#Espaniol
424;22000000;178.405;15836;8.566;321365567;195;34318;en;Drama#History#War;Amblin Entertainment;US;Deutsch#Polski#Squiggles2#English
807;33000000;96.953;20974;8.375;327311859;127;34964;en;Crime#Mystery#Thriller;New Line Cinema#Juno Pix#Cecchi Gori Pictures;US;English
11324;80000000;80.946;23901;08.lut;294804195;138;40223;en;Drama#Thriller#Mystery;Paramount Pictures#Phoenix Pictures#Sikelia Productions#Appian Way;US;English#Deutsch
187;40000000;77.185;8076;07.maj;158700000;124;38443;en;Thriller#Action#Crime;Dimension Films#Troublemaker Studios#Miramax;US;English
872;2540800;35.098;3118;08.lut;7200000;103;19093;en;Comedy#Romance;Metro-Goldwyn-Mayer;US;English
993;3500000;13.906;603;07.lip;5750000;138;26643;en;Thriller#Mystery#Crime#Comedy;Palomar Pictures International;GB;Italiano#English
12405;15000000;29.663;10503;7.733;378400000;120;39764;en;Drama#Romance;Celador Films#Film4 Productions;GB;French#Thai#English
107;10000000;36.996;8982;07.sie;83600000;103;36770;en;Crime#Comedy;SKA Films;GB;English#Russian
239;2883848;37.83;3444;08.sty;25000000;122;21628;en;Comedy#Romance#Crime;The Mirisch Company;US;English
235;8000000;35.05;5841;7.856;52300000;89;31632;en;Crime#Drama;Columbia Pictures#Act III Productions;US;English
13475;150000000;41.567;9811;07.kwi;386839614;127;39939;en;Science Fiction#Action#Adventure;Paramount Pictures#Spyglass Entertainment#Bad Robot;US;English
1892;32350000;53.526;15614;07.wrz;572700000;132;30461;en;Adventure#Action#Science Fiction;Lucasfilm Ltd.;US;English
845;1200000;15.663;1668;07.lip;7000000;101;18806;en;Crime#Thriller;Warner Bros. Pictures;US;French#English
599;1752000;45.444;2565;08.mar;5000000;110;18485;en;Drama;Paramount Pictures;US;English
7508;2600000;37.426;1155;7.994;28430000;162;39437;hi;Drama;Aamir Khan Productions#PVR Inox Pictures#UTV Motion Pictures;IN;Thai
103;1900000;64.304;12212;8.141;28579636;114;27799;en;Crime#Drama;Italo/Judeo Productions#Bill/Phillips#Columbia Pictures;US;English#Espaniol
280;102000000;87.755;12832;08.sty;520000000;137;33422;en;Action#Thriller#Science Fiction;Carolco Pictures#Pacific Western#Lightstorm Entertainment#Le Studio Canal+;FR#US;English#Espaniol
284;3000000;29.988;2283;08.lut;25000000;125;22088;en;Comedy#Drama#Romance;The Mirisch Company#United Artists;US;English
74643;15000000;17.59;3229;7.456;133432856;100;40828;fr;Drama#Comedy#Romance;uFilm#La Petite Reine#Studio 37#La Classe américaine#JD Prod#France 3 Cinéma#Jouror Productions;BE#FR;No Language
24428;220000000;174.659;30721;lip.72;1518815515;143;41024;en;Science Fiction#Action#Adventure;Marvel Studios;US;English#Thai#Russian
887;2100000;16.298;642;07.sie;23650000;171;17161;en;Drama#Romance#War;Samuel Goldwyn Productions#RKO Radio Pictures#Samuel Goldwyn Company;US;English
115;15000000;53.553;11127;07.sie;47010480;117;35860;en;Comedy#Crime;PolyGram Filmed Entertainment#Working Title Films#Gramercy Pictures;GB#US;English#Squiggles2#Espaniol#Deutsch
910;250000;17.137;1033;07.cze;10682000;114;17037;en;Mystery#Crime#Thriller;Warner Bros. Pictures;US;English
2503;70000000;48.326;7599;07.kwi;442824138;115;39297;en;Action#Drama#Mystery#Thriller;Universal Pictures#The Kennedy/Marshall Company#Ludlum Entertainment#Motion Picture BETA Produktionsgesellschaft#Bourne Again#KanZaman Services#Peninsula Films#Studio Babelsberg;FR#DE#ES#US;English#French#Arabic#Russian#Espaniol
826;3000000;24.719;2074;07.sie;44908000;161;21104;en;Drama#History#War;Horizon Pictures;GB;Chinese2#Innuit#English
155;185000000;201.936;32874;8.516;1004558444;152;39645;en;Drama#Action#Crime#Thriller;DC#Legendary Pictures#Syncopy#Isobel Griffiths#Warner Bros. Pictures;GB#US;English#Chinese
11778;15000000;29.311;3787;7.998;49000000;183;28832;en;Drama#War;Universal Pictures#EMI Films;GB#US;English#French#Russian#Vietnameese
1422;90000000;51.97;14832;8.162;291465000;151;38994;en;Drama#Thriller#Crime;Warner Bros. Pictures#Plan B Entertainment#Initial Entertainment Group#Vertigo Entertainment#Media Asia Films;HK#US;English#Chinese3
1955;5000000;61.902;3462;8.035;26000000;124;29503;en;Drama#History;Brooksfilms#Paramount Pictures;US;English
9552;12000000;68.157;7930;7.734;441306145;122;27024;en;Horror#Drama;Hoya Productions#Warner Bros. Pictures;US;Deutsch#French#Latin#Arabic#Russian2#English
961;750000;13.063;1237;8;1000000;79;9856;en;Comedy#Action#Adventure#War;Joseph M. Schenck Productions#Buster Keaton Productions;US;No Language
238;6000000;182.418;20610;08.lip;245066411;175;26372;en;Drama#Crime;Paramount Pictures#Alfran Productions;US;English#Italiano#Latin
962;923000;16.292;1591;8;4000000;95;9326;en;Adventure#Comedy#Drama;Charles Chaplin Productions;US;No Language
37247;3000000;23.112;3305;07.cze;104945305;106;24827;en;Drama#Romance#Comedy;AVCO Embassy Pictures#Mike Nichols Productions#Lawrence Turman Productions;US;English
596;800000;20.216;968;07.sie;1591000;129;14685;en;Drama;20th Century Fox;US;English
914;2000000;24.142;3359;08.mar;11000000;125;14899;en;Comedy#War;Charles Chaplin Productions;US;English#Esperanto
5925;4000000;80.997;2526;7.948;11700000;173;23195;en;Adventure#Drama#War;The Mirisch Company#United Artists;US;English#Deutsch#French#Russian
497;60000000;97.338;17412;08.maj;286801374;189;36504;en;Fantasy#Drama#Crime;Castle Rock Entertainment#Darkwoods Productions;US;French#English
49051;250000000;73.387;18333;07.kwi;1021103568;169;41255;en;Adventure#Fantasy#Action;New Line Cinema#Metro-Goldwyn-Mayer#WingNut Films#Warner Bros. Pictures;NZ#US;English
990;2000000;16.674;961;07.lip;7600000;134;22549;en;Drama#Romance;Rossen Films#20th Century Fox;US;English
10098;250000;19.813;2092;8.175;2500000;68;7692;en;Comedy#Drama;Charles Chaplin Productions;US;No Language
247;320000;16.486;1519;07.lip;0;85;20612;en;Crime#Thriller;United Artists#Harris-Kubrick Productions;US;English
45269;15000000;32.354;8648;7.742;414211549;118;40508;en;Drama#History;The Weinstein Company#See-Saw Films#Bedlam Productions;GB#US;English
8587;45000000;133.376;18238;08.mar;763455561;89;34509;en;Family#Animation#Drama;Walt Disney Pictures#Walt Disney Feature Animation;US;English
121;79000000;95.573;21834;08.kwi;926287400;179;37608;en;Adventure#Fantasy#Action;New Line Cinema#WingNut Films#The Saul Zaentz Company;NZ#US;English
963;375000;20.523;1664;07.lip;1772000;100;15267;en;Mystery#Crime#Thriller;Warner Bros. Pictures;US;English
11697;3200000;22.606;1121;7.778;8000000;123;22749;en;Western;Paramount Pictures#John Ford Productions;US;English
982;2200000;19.664;699;07.maj;7700000;126;22943;en;Thriller#Drama;MC Productions#United Artists;US;English
603;63000000;232.637;25610;8.218;463517383;136;36250;en;Action#Science Fiction;Village Roadshow Pictures#Groucho II Film Partnership#Silver Pictures#Warner Bros. Pictures;US;English
3112;795000;23.104;1595;7.878;0;93;20327;en;Crime#Drama#Thriller;Paul Gregory Productions#United Artists;US;English
423;35000000;105.57;9149;08.kwi;120098945;150;37516;en;Drama#War;Canal+ Polska#Bac Films#Heritage Films#Studio Babelsberg#Agencja Produkcji Filmowej#R.P. Productions#StudioCanal#Canal+#TVP#Runteam;FR#DE#PL#GB;English#Deutsch#Polski#Russian
1124;40000000;68.373;15983;8.203;109676311;130;39007;en;Drama#Mystery#Science Fiction;Warner Bros. Pictures#Touchstone Pictures#Newmarket Films#Syncopy;GB#US;English
2493;16000000;58.682;4514;7.679;30900000;99;32045;en;Adventure#Family#Fantasy#Comedy#Romance;The Princess Bride Ltd.#Buttercup Films Ltd.#Act III Productions;US;English
278;25000000;202.243;27138;8.707;28341469;142;34600;en;Drama#Crime;Castle Rock Entertainment;US;English
694;19000000;81.812;17428;08.lut;44781695;144;29364;en;Horror#Thriller;Warner Bros. Pictures#Peregrine#Hawk Films#The Producer Circle Co.;GB#US;English
274;19000000;22.513;16249;08.mar;272742922;119;33283;en;Crime#Drama#Thriller;Orion Pictures#Strong Heart;US;English
745;40000000;65.254;11671;7.956;672800000;107;36378;en;Mystery#Thriller#Drama;Spyglass Entertainment#The Kennedy/Marshall Company#Hollywood Pictures#Barry Mendel Productions;US;Latin#Espaniol#English
9277;5500000;19.179;2589;8;159616327;129;27023;en;Comedy#Crime#Drama;Universal Pictures#Zanuck/Brown Productions#David Brown Productions;US;English
218;6400000;98.478;13132;7.662;78371200;108;30981;en;Action#Thriller#Science Fiction;Hemdale#Pacific Western;GB#US;English#Espaniol
1091;15000000;60.147;6951;08.sty;19629760;109;30127;en;Horror#Mystery#Science Fiction;Universal Pictures#The Turman-Foster Company;US;English#Norsk
1092;0;29.196;1845;07.wrz;1226098;105;18141;en;Thriller#Mystery;London Films Productions;GB;English#Russian#Deutsch
3090;3800000;18.799;1187;8;4307000;126;17547;en;Adventure#Drama#Western;Warner Bros. Pictures;US;English
37165;60000000;68.586;18282;8.144;264100000;103;35950;en;Comedy#Drama;Paramount Pictures#Scott Rudin Productions;US;English#Espaniol
117;25000000;39.718;5583;07.sie;76270454;119;31931;en;Crime#History#Thriller;Paramount Pictures#The Linson Company;US;English
629;6000000;45.944;10334;08.lut;23300000;106;34899;en;Drama#Crime#Thriller;Bad Hat Harry Productions#Blue Parrot Productions;US;Espaniol#English#French#Magyar
576;6244087;20.223;1176;07.cze;638641;145;25373;en;Western;Warner Bros.-Seven Arts;US;English#Espaniol#Deutsch
630;2777000;96.136;5507;07.cze;33754967;102;14472;en;Adventure#Fantasy#Family;Metro-Goldwyn-Mayer;US;English
7345;25000000;37.775;6576;8.079;77208711;158;39442;en;Drama;Paramount Vantage#Miramax#JoAnne Sellar Productions#Ghoulardi Film Company;US;English
595;2000000;48.647;2586;8;13129846;129;23000;en;Drama;Pakula-Mulligan#Brentwood Productions;US;English#Deutsch
8392;3700000;57.469;7934;08.sty;41000000;86;32249;ja;Fantasy#Animation#Family;Studio Ghibli#Nibariki#Tokuma Shoten;JP;Chinese2
1480;829000;23.335;1419;7.757;2247500;111;21274;en;Crime#Thriller#Mystery;Universal International Pictures;US;English#Espaniol
862;30000000;134.296;18338;lip.97;394436586;81;35002;en;Animation#Adventure#Family#Comedy;Pixar;US;English
627;4000000;39.616;9597;7.965;72000000;94;35118;en;Drama#Crime;Figment Films#The Noel Gay Motion Picture Company#Channel Four Films;GB;English
110;0;21.93;1371;07.wrz;0;100;34466;fr;Drama#Mystery#Romance;MK2 Films#France 3 Cinéma#CAB Productions#Studio Filmowe Tor#TSR;FR#PL#CH;French
