0;363 = 0;hkBL8AjEE3zvQb9bIAsD1Wz5mHbuum9QtE8xTdCs;jiRP2Opr4FFhbT27I6inz5mj7S1catq8Fn7MaJc0
1IQVbTc1YXZtuzaXbnmLErhD0Ezki9RQFKGDjK1K;25 = 0;!5;!4
YvarCoxadPTBbXJDRlurFfWnyvN8fRat2Jk7Ip1W;32 = 0;!4;1IQVbTc1YXZtuzaXbnmLErhD0Ezki9RQFKGDjK1K
w1kINMXxi4zjAAMVDQ7mXfck4dl3JYB61icXLemC;21 = 0;!3;YvarCoxadPTBbXJDRlurFfWnyvN8fRat2Jk7Ip1W
jiRP2Opr4FFhbT27I6inz5mj7S1catq8Fn7MaJc0;33 = 0;!4;w1kINMXxi4zjAAMVDQ7mXfck4dl3JYB61icXLemC
hkBL8AjEE3zvQb9bIAsD1Wz5mHbuum9QtE8xTdCs;0 = 0;!4;!4
hkBL8AjEE3zvQb9bIAsD1Wz5mHbuum9QtE8xTdCs;0 = 0;!4;!4
hkBL8AjEE3zvQb9bIAsD1Wz5mHbuum9QtE8xTdCs;0 = 0;!4;!4
hkBL8AjEE3zvQb9bIAsD1Wz5mHbuum9QtE8xTdCs;0 = 0;!4;!4
hkBL8AjEE3zvQb9bIAsD1Wz5mHbuum9QtE8xTdCs;0 = 0;!4;!4
hkBL8AjEE3zvQb9bIAsD1Wz5mHbuum9QtE8xTdCs;0 = 0;!4;!4
hkBL8AjEE3zvQb9bIAsD1Wz5mHbuum9QtE8xTdCs;0 = 0;!4;!4
hkBL8AjEE3zvQb9bIAsD1Wz5mHbuum9QtE8xTdCs;0 = 0;!4;!4
hkBL8AjEE3zvQb9bIAsD1Wz5mHbuum9QtE8xTdCs;0 = 0;!4;!4
