C9rI8Hk3tkCcWIGOPvQ3Te4f5c5KbEcvkVxENA6g;0 = 0;!5;!5
C9rI8Hk3tkCcWIGOPvQ3Te4f5c5KbEcvkVxENA6g;0 = 0;!5;!5
C9rI8Hk3tkCcWIGOPvQ3Te4f5c5KbEcvkVxENA6g;0 = 0;!5;!5
C9rI8Hk3tkCcWIGOPvQ3Te4f5c5KbEcvkVxENA6g;0 = 0;!5;!5
C9rI8Hk3tkCcWIGOPvQ3Te4f5c5KbEcvkVxENA6g;0 = 0;!5;!5
C9rI8Hk3tkCcWIGOPvQ3Te4f5c5KbEcvkVxENA6g;0 = 0;!5;!5
C9rI8Hk3tkCcWIGOPvQ3Te4f5c5KbEcvkVxENA6g;0 = 0;!5;!5
C9rI8Hk3tkCcWIGOPvQ3Te4f5c5KbEcvkVxENA6g;0 = 0;!5;!5
C9rI8Hk3tkCcWIGOPvQ3Te4f5c5KbEcvkVxENA6g;0 = 0;!5;!5
0;139 = 0;C9rI8Hk3tkCcWIGOPvQ3Te4f5c5KbEcvkVxENA6g;!5
